review_text,sentiment
This movie was an absolute masterpiece! The acting and direction were phenomenal.,1
I truly enjoyed every minute of this film. Highly recommended to everyone!,1
Brilliant storytelling with exceptional character development and gorgeous cinematography.,1
One of the best cinematic experiences I have had in years. Stunning visuals!,1
"An inspiring, heartwarming tale that left a smile on my face for hours.",1
The soundtrack complemented the emotional depth of the narrative perfectly.,1
Fantastic performance by the lead cast; their chemistry felt very genuine.,1
A triumph of filmmaking! It tackled complex themes with grace and nuance.,1
Exceeded all my expectations. The plot twists kept me on the edge of my seat.,1
A delightful watch that balances comedy and heartfelt emotion seamlessly.,1
Outstanding product quality! It arrived on time and works like a charm.,1
Five stars! Super intuitive interface and customer support was remarkably helpful.,1
Incredible battery life and blazing fast performance. Totally worth the price.,1
The build quality is premium and sturdy. I am very satisfied with this purchase.,1
Everything was packed carefully and the setup took less than five minutes. Great job!,1
Remarkable design and whisper-quiet operation. Couldn't ask for a better upgrade.,1
"Not bad at all, in fact it was one of the finest gadgets I've ever owned!",1
"I was skeptical at first, but it completely blew me away. Superb craftsmanship.",1
Top-tier durability and sleek aesthetics. A standout in its category.,1
This book changed my perspective entirely. Deeply thought-provoking and well written.,1
A captivating narrative that I couldn't put down from the first chapter.,1
The prose is poetic yet accessible. A magnificent literary accomplishment.,1
I love how engaging the professor was throughout the entire semester.,1
"Clear explanations, hands-on examples, and very supportive teaching assistants.",1
"The user experience is seamless. Navigation is fast, intuitive, and visually pleasing.",1
The hotel staff went above and beyond to make our vacation memorable.,1
"Delicious food, wonderful ambiance, and prompt service. We will return soon!",1
The camera captures stunning low-light photos with crisp details and vibrant colors.,1
"A breath of fresh air in modern cinema. Creative, bold, and emotionally resonant.",1
An absolute bargain for the quality offered. Will definitely recommend to friends.,1
The software update resolved all previous glitches and introduced great features.,1
Remarkably fast delivery and the packaging was completely eco-friendly.,1
A touching documentary that raises awareness on crucial social issues.,1
Impressive soundstage with clear highs and punchy bass in these headphones.,1
"The game features breathtaking graphics, deep lore, and responsive mechanics.",1
I was pleasantly surprised by how well this budget laptop handles multitasking.,1
"Smooth ride, excellent fuel economy, and loaded with modern safety features.",1
The conference was impeccably organized with world-class keynote speakers.,1
Super easy assembly with crystal-clear instructions and all tools provided.,1
The dress fits like a glove and the fabric feels luxurious and soft.,1
A classic story retold with modern vigor and breathtaking special effects.,1
Very reliable daily driver that has never let me down in two years.,1
The customer service team promptly replaced my damaged item with zero hassle.,1
I thoroughly enjoyed the concert; the live acoustic rendition was magical.,1
An innovative app that genuinely simplified our team's project workflow.,1
Crisp display with rich contrasts and vibrant HDR color reproduction.,1
Warm hospitality and cozy rooms made our stay exceptionally pleasant.,1
"The tutorial was concise, practical, and helped me grasp transformers easily.",1
Super responsive touch screen and lightweight form factor make it ideal for travel.,1
Nothing short of magnificent! A true benchmark for quality and performance.,1
"The flavor profile of this artisanal coffee is rich, bold, and aromatic.",1
An extraordinary breakthrough in deep learning research that will inspire many.,1
"Quick load times, zero bloatware, and effortless multi-monitor setup.",1
The plot was intricately woven with memorable dialogue and great pacing.,1
I appreciate the attention to detail and high standard of safety measures.,1
Remarkable clarity on the microphone; my colleagues noticed the audio upgrade immediately.,1
An exhilarating rollercoaster of thrills and heartwarming emotional arcs.,1
The fabric maintains its vibrant color and texture even after multiple washes.,1
Fast charging is a game changer; goes from 0 to 80 percent in under 30 minutes.,1
Such an uplifting documentary that inspires kindness and community action.,1
The ergonomic design prevents wrist strain during long coding sessions.,1
The museum exhibit was curated brilliantly with interactive digital guides.,1
Extremely pleased with the sharpness and optical image stabilization.,1
A masterclass in tension and psychological thrillers.,1
"The vegan menu was inventive, delicious, and beautifully plated.",1
Compact yet surprisingly powerful vacuum cleaner that handles pet hair easily.,1
"The online course syllabus was thorough, up-to-date, and practical.",1
Phenomenal customer experience; they resolved my query within ten minutes.,1
The keyboard tactile feedback is satisfying and typing is effortless.,1
A visually arresting spectacle that must be experienced on the big screen.,1
"High quality materials, precision stitching, and a very comfortable fit.",1
The noise cancellation blocks out engine roar on flights remarkably well.,1
Super smooth refresh rate makes gaming and scrolling feel butter soft.,1
The recipe turned out delicious on the first try; clear instructions.,1
A heartwarming coming-of-age story that will resonate with audiences of all ages.,1
Very impressed with how quiet the motor runs even under heavy load.,1
The analytics dashboard provides actionable insights at a glance.,1
A lovely peaceful resort surrounded by nature with exceptional dining.,1
The smartwatch tracks sleep and workouts with impressive accuracy.,1
Flawless execution of complex choreographies and soulful musical numbers.,1
The delivery arrived two days ahead of schedule in pristine condition.,1
An eloquent and deeply moving memoir that lingers in the mind.,1
The solar power bank charged our phones throughout the entire camping trip.,1
"The animation style is vibrant, unique, and full of charming personality.",1
"Crisp text, zero glare, and comfortable reading experience in bright sunlight.",1
Outstanding value for money; outclasses competitors at twice the price point.,1
"The customer portal is very secure, intuitive, and easy to navigate.",1
I love the minimalist aesthetic combined with robust everyday utility.,1
"The acting ensemble delivered poignant, memorable performances across the board.",1
Water-resistant casing protected my phone during an unexpected rainstorm.,1
A magnificent tribute to historical pioneers with impeccable period detail.,1
Extremely satisfied with the prompt repair service and courteous technicians.,1
The cooling pad keeps temperatures low during intensive model training.,1
An inspiring book that provides actionable frameworks for personal growth.,1
The dessert was heavenly; decadent dark chocolate with raspberry coulis.,1
Generous warranty policy that gives peace of mind for long term use.,1
The wireless earbuds pair instantly and never drop connection during workouts.,1
An absolute triumph that sets a new high standard for the entire genre.,1
Very comfortable cushioning that provides excellent lumbar support all day.,1
"Brilliantly written, impeccably acted, and universally relatable.",1
"A terrible movie with disjointed plotlines and wooden, uninspired acting.",0
Completely waste of time and money. I walked out before the interval.,0
The dialogue was cringe-worthy and the special effects looked shockingly cheap.,0
Extremely boring story that drags on forever without any satisfying payoff.,0
The plot was full of gaping plotholes and illogical character decisions.,0
Poor sound mixing made it almost impossible to hear what the actors were saying.,0
"A lazy, derivative cash grab that brings nothing fresh or interesting to the table.",0
I was deeply disappointed by how superficial and predictable the narrative was.,0
Terrible direction and awkward pacing ruined what could have been a decent premise.,0
One of the worst films I have suffered through in recent memory.,0
Dreadful product quality; it stopped working after only three days of normal use.,0
Customer support was completely unhelpful and refused to process my valid return.,0
Battery drains within an hour even on standby mode. Avoid this junk!,0
Cheap plastic construction that cracked immediately upon opening the package.,0
"The software is riddled with bugs, crashes constantly, and lags terribly.",0
False advertising! The actual device looks and performs nothing like the photos.,0
Overpriced gimmick that fails at the most basic functionality advertised.,0
The delivery arrived two weeks late and the package was heavily crushed.,0
Missing essential components in the box and no instruction manual included.,0
"The book was repetitive, shallow, and full of glaring factual errors.",0
Couldn't bring myself to finish it; monotonous writing and lifeless characters.,0
The lecture was disorganized and the slides were full of confusing mistakes.,0
The website is constantly crashing and navigation is an absolute nightmare.,0
"Rude hotel staff, dirty bedsheets, and a foul odor in the bathroom.",0
"Cold food, slow service, and exorbitant prices for tiny portions.",0
"The camera produces blurry, noisy images with washed-out inaccurate colors.",0
A tedious and pretentious mess that confuses incoherence with depth.,0
Horrible investment; broke down right after the thirty-day return window expired.,0
The latest firmware update completely bricked my device without recourse.,0
Misleading product specs and deceptive marketing. Extremely unhappy.,0
"The documentary was wildly biased, sensationalist, and lacked credible sources.",0
Muddy sound with harsh distorted treble and virtually non-existent bass.,0
"The video game is plagued with game-breaking bugs, stuttering, and microtransactions.",0
Loud fan noise and severe overheating even when running lightweight tasks.,0
"Rough suspension, uncomfortable seats, and awful fuel efficiency in traffic.",0
Disorganized event where sessions were cancelled without notice or explanation.,0
Impossible assembly with confusing diagrams and misaligned screw holes.,0
The garment shrunk two sizes after a single wash and seams started unraveling.,0
A butchered remake that destroys everything that made the original special.,0
Unreliable connection that constantly drops Wi-Fi signals every ten minutes.,0
Waited on phone support for over ninety minutes only to get disconnected.,0
The concert had disastrous acoustics and the lead singer was visibly off-key.,0
Cumbersome interface with hidden menus and zero intuitive keyboard shortcuts.,0
"Dull, washed-out screen with terrible viewing angles and dead pixels out of the box.",0
Overbooked hotel that downgraded our reserved room without any compensation.,0
"The tutorial was outdated, confusing, and omitted crucial setup commands.",0
Unresponsive touch controls that register ghost touches and miss inputs.,0
Total failure in quality control; arrived with visible scratches and dents.,0
"The coffee tasted burnt, stale, and had an unpleasant bitter aftertaste.",0
"The algorithm failed completely on unseen data, showing severe overfitting.",0
Bloatware everywhere and unwanted telemetry that cannot be uninstalled.,0
Predictable plot twists that anyone could see coming from ten miles away.,0
Negligent management that ignored basic sanitation standards and complaints.,0
Muffled microphone that sounds like talking underwater; completely unusable.,0
"Boring, drawn-out storyline with no emotional stake or believable motivations.",0
The color faded drastically after gentle hand wash; very inferior dye quality.,0
Charging takes agonizingly long and the adapter gets dangerously hot to touch.,0
A propaganda piece masquerading as an educational historical documentary.,0
Awkward shape that causes hand cramps after just fifteen minutes of typing.,0
Overpriced tickets for an exhibition with tiny rooms and mostly printed posters.,0
Severe lens distortion and chromatic aberration that ruins landscape photography.,0
Failed to build suspense; relied purely on cheap and predictable jump scares.,0
"Bland seasoning, oily texture, and completely overpriced vegan alternatives.",0
Clogs up constantly and lacks enough suction power to clean basic rugs.,0
The course material was five years out of date and exercises had broken links.,0
Ignored multiple emails requesting an invoice and tax receipt.,0
Keys get stuck frequently and spacebar squeaks with an annoying high pitch.,0
Gaudy CGI effects that look like a video game cutscene from twenty years ago.,0
Flimsy zipper broke on the first day of my business trip; utterly useless.,0
Active noise cancellation introduces a loud hiss and induces dizziness.,0
"Constant frame drops, screen tearing, and micro-stuttering during gameplay.",0
"Vague instructions resulted in an inedible, salty disaster in the kitchen.",0
Melodramatic and unconvincing script that provoked unintended laughter.,0
Motor makes a loud grinding noise and vibrates excessively across the table.,0
The analytics dashboard is perpetually out of sync with real-time database counts.,0
Noisy construction right outside the bedroom window ruined our entire vacation.,0
Heart rate monitor consistently misreads pulse by more than thirty beats.,0
Dreadful choreography and flat vocals that ruined the musical experience.,0
Tracking number never updated and package was lost in transit with no refund.,0
Pretentious writing filled with purple prose and self-indulgent digressions.,0
The power bank drained completely overnight without even being plugged in.,0
Choppy frame rate and amateurish art style that looks unappealing.,0
Excessive screen glare that makes reading outdoors utterly impossible.,0
Horrendous value; cheap knock-off quality sold at premium designer pricing.,0
Account got locked out repeatedly due to bugs in their authentication server.,0
Cluttered and ugly design that prioritizes banner advertisements over usability.,0
Wooden acting and zero chemistry between the two romantic leads.,0
The water seals failed in light drizzle and ruined the internal electronics.,0
"A disrespectful, historically inaccurate mockery of true historic events.",0
Technician arrived four hours late and failed to fix the core problem.,0
Laptop cooling pad died after two weeks and fans started rattling loudly.,0
Rehashed self-help platitudes with zero practical or scientifically backed advice.,0
"The cake was stale, dry as cardboard, and covered in overly sugary icing.",0
Warranty claim was rejected based on obscure fine print technicalities.,0
Earbuds keep slipping out during light walking and bluetooth keeps disconnecting.,0
An absolute trainwreck of a production that fails on every conceivable level.,0
"The seat cushion compressed flat within three weeks, leaving bare metal.",0
"Tedious, predictable, and devoid of any genuine emotional resonance.",0
